Ejercicio,Fecha de inicio del periodo que se informa,Fecha de término del periodo que se informa,Denominación del mecanismo de participación ciudadana,Resultados,Número total de participantes,Total de participantes mujeres,Total de participantes hombres,"Respuesta del sujeto obligado a los resultados, descripción sintética de lo que se tomó en cuenta","Área(s) responsable(s) que genera(n), posee(n), publica(n) y actualizan la información",Nombre del(a) funcionario(a) responsable de generar la información,Fecha de validación,Fecha de Actualización,Nota
2024,2024-01-01T00:00:00Z,2024-03-31T00:00:00Z,,,,,,,Dirección de Diálogo y Concertación,Ignacio Arturo Alvarez Lopez,,2024-03-31T00:00:00Z,"No se generaron mecanismos de participación, por lo que  no existen resultados de participación ciudadana durante el periodo reportado."
2024,2024-01-01T00:00:00Z,2024-03-31T00:00:00Z,,,,,,,Dirección de Diálogo y Concertación,Ignacio Arturo Alvarez Lopez,,2024-03-31T00:00:00Z,"No se generaron mecanismos de participación, por lo que  no existen resultados de participación ciudadana durante el periodo reportado."
2024,2024-04-01T00:00:00Z,2024-06-30T00:00:00Z,"A participar en los proyectos nido de lenguas, paisaje lingüístico  y promotores lingüísticos para la difusión y conservación de las lenguas indígenas del componente 4 apoyo a las lenguas indígenas, formación de intérpretes y traductores.",8,18,13,5,Los resultados se publicaron el día 28 de junio de 2024 y se tomo encuenta sobre los expedientes completos,Dirección de la Academia de Lenguas Indígenas,Gloria Martínez Carrera,,2024-06-30T00:00:00Z,Ninguna
2024,2024-04-01T00:00:00Z,2024-06-30T00:00:00Z,"A participar en los proyectos nido de lenguas, paisaje lingüístico  y promotores lingüísticos para la difusión y conservación de las lenguas indígenas del componente 4 apoyo a las lenguas indígenas, formación de intérpretes y traductores.",13,42,33,9,Los resultados se publicaron el día 28 de junio de 2024 y se tomo encuenta sobre los expedientes completos,Dirección de la Academia de Lenguas Indígenas,Gloria Martínez Carrera,,2024-06-30T00:00:00Z,Ninguna
2024,2024-04-01T00:00:00Z,2024-06-30T00:00:00Z,"A participar en los proyectos nido de lenguas, paisaje lingüístico  y promotores lingüísticos para la difusión y conservación de las lenguas indígenas del componente 4 apoyo a las lenguas indígenas, formación de intérpretes y traductores.",9,9,4,5,Los resultados se publicaron el día 28 de junio de 2024 y se tomo encuenta sobre los expedientes completos,Dirección de la Academia de Lenguas Indígenas,Gloria Martínez Carrera,,2024-06-30T00:00:00Z,Ninguna
2024,2024-04-01T00:00:00Z,2024-06-30T00:00:00Z,"Talleres para la elaboración de los planes de trabajo de los consejos regionales indígenas y afromexicanos de teziutlán, quimixtlán, tepexi de rodríguez, puebla metropolitano y zacapoaxtla",Se elaboraron 5 planes de trabajo de cinco Consejos Regionales Indígenas y Afromexicanos,71,17,54,"Con las propuestas entregadas por parte de los participantes se elaboraron los planes de trabajo del Consejo Regional Indígena y Afromexicano de las Regiones Teziutlán, Quimixtlán, Tepexi de Rodríguez, Puebla Metropolitano y Zacapoaxtla. estos incluyen distintas actividades a realizar en territorio basadas en las necesidades identificadas por los miembros de los consejos en mención, así como una serie de capacitaciones que fueron solicitadas por los mismos integrantes basadas en necesidades de fortalecimiento detectadas.",Dirección de Oficinas Regionales,Ramón Vergara Sotero,,2024-06-30T00:00:00Z,"Derivado de las propuestas realizadas se realizará un plan de fortalecimiento a los consejos, mismos que se implementarán en el segundo semestre del ejercicio fiscal 2024"
2024,2024-07-01T00:00:00Z,2024-09-30T00:00:00Z,"A participar en los proyectos nido de lenguas, paisaje lingüístico  y promotores lingüísticos para la difusión y conservación de las lenguas indígenas del componente 4 apoyo a las lenguas indígenas, formación de intérpretes y traductores.",8,18,13,5,Los resultados se publicaron el día 28 de junio de 2024 y se tomo en cuenta  los expedientes completos,Dirección de la Academia de Lenguas Indígenas,Gloria Martínez Carrera,,2024-09-30T00:00:00Z,"Este proyecto concluyó satisfactoriamente el día 27 de septiembre de 2024, por lo cual ya no se reportará en el siguiente trimestre."
2024,2024-07-01T00:00:00Z,2024-09-30T00:00:00Z,"A participar en los proyectos nido de lenguas, paisaje lingüístico  y promotores lingüísticos para la difusión y conservación de las lenguas indígenas del componente 4 apoyo a las lenguas indígenas, formación de intérpretes y traductores.",13,42,33,9,Los resultados se publicaron el día 28 de junio de 2024 y se tomo en cuenta  los expedientes completos,Dirección de la Academia de Lenguas Indígenas,Gloria Martínez Carrera,,2024-09-30T00:00:00Z,"Este proyecto concluyó satisfactoriamente el día 27 de septiembre de 2024, por lo cual ya no se reportará en el siguiente trimestre."
2024,2024-07-01T00:00:00Z,2024-09-30T00:00:00Z,"A participar en los proyectos nido de lenguas, paisaje lingüístico  y promotores lingüísticos para la difusión y conservación de las lenguas indígenas del componente 4 apoyo a las lenguas indígenas, formación de intérpretes y traductores.",9,9,4,5,Los resultados se publicaron el día 28 de junio de 2024 y se tomo en cuenta  los expedientes completos,Dirección de la Academia de Lenguas Indígenas,Gloria Martínez Carrera,,2024-09-30T00:00:00Z,"Este proyecto concluyó satisfactoriamente el día 27 de septiembre de 2024, por lo cual ya no se reportará en el siguiente trimestre."
2024,2024-07-01T00:00:00Z,2024-09-30T00:00:00Z,"A participar en la vertiente capacitación, promoción, consolidación y defensa de las personas, pueblos y comunidades indígenas y afromexicanas del estado de puebla, del componente: apoyo a los derechos de las personas, pueblos y comunidades indígenas y afromexicanas de las reglas de operación del programa para el desarrollo integral de los pueblos indígenas (e088), ejercicio fiscal 2024.",75,40,25,15,Los resultados se publicaron el día 08 de julio de 2024 y se tomo en cuenta  los requisitos establecidos en la convocatoria,Dirección de Diálogo y Concertación,Arturo Ignacio Álvarez López,,2024-09-30T00:00:00Z,La conclusión del proyecto se reportará en el cuarto trimestre
2024,2024-10-01T00:00:00Z,2024-12-31T00:00:00Z,,,,,,,Dirección de Diálogo y Concertación,Ignacio Arturo Alvarez López,,2024-12-31T00:00:00Z,"Se informa que durante el cuarto trimestre del año a reportarse, no se generó ningún mecanismo de participación ciudadana. Además, se puntualiza que la persona responsable de generar la información sólo laboró hasta el día 31 de diciembre de 2024"
