Ejercicio,Fecha de inicio del periodo que se informa,Fecha de término del periodo que se informa,Nombre del programa ,"Nombre del trámite, en su caso",Fundamento jurídico,Casos en los que se debe o puede presentar el trámite,Forma de presentación,Tiempo de respuesta,Hipervínculo a los formato(s) específico(s) para acceder al programa,Datos y documentos que debe contener o se deben adjuntar al trámite,Monto de los derechos o aprovechamientos,"Descripción de la forma en que se determina el monto, en su caso, fundamento jurídico",Nombre de la persona sevidora pública que gestiona el trámite ,Primer apellido de la persona sevidora pública que gestiona el trámite ,Segundo apellido de la persona sevidora pública que gestiona el trámite ,Sexo (catálogo),Correo electrónico oficial,Nombre del área (s) responsable(s),Tipo de vialidad (catálogo),Nombre de vialidad,Número Exterior,"Número Interior, en su caso",Tipo de asentamiento (catálogo),Nombre de asentamiento ,Clave de la localidad,Nombre de la localidad ,Clave del municipio,Nombre del municipio o delegación,Clave de la Entidad Federativa,Nombre de la Entidad Federativa (catálogo),Código postal,Teléfono y extensión,Horario y días de atención,Dirección electrónica alterna u otro medio para el envío de consultas/documentos,Derechos de la persona usuaria ante la negativa o falta de respuesta,Lugares para reportar presuntas anomalías en la prestación del servicio,"Área(s) responsable(s) que genera(n), posee(n), publica(n) y actualizan la información",Nombre del(a) funcionario(a) responsable de generar la información,Fecha de validación,Fecha de actualización,Nota
2023,2023-01-01T00:00:00Z,2023-03-31T00:00:00Z,,,,,,,,,,,,,,,,,,,,,,,,,,,,,,,,,,,"Secretaría Técnica, Unidad Jurídica, Unidad de Desarrollo de Tecnologías de la Información, Dirección de Desarrollo con Identidad Indígena, Direccion de Patrimonio Cultural, Investigación y Educación para la Equidad, Direccion de Dialogo y Concertación, Dirección de la Academia de las Lenguas Indígenas, Direccion de Oficinas Regionales, Direccion de Administración y Finanzas.",José Antonio Aguilar San Sebastián/Nancy Aridai Acuapan Carreon/Moises Ismael Rosas Cabrera/Serafín German Solís Carrera/Viridiana Regino Castillo/Rosa Alonso Pérez/Gloria Martínez Carrera/Ramón Vergara Sotero/Roberto Regino Reyes,2023-04-10T00:00:00Z,2023-03-31T00:00:00Z,"Este Instituto no desarrollo programas referentes al presente formato, en el primer trimestre 2023 motivo por el cual existen campos sin información."
2023,2023-04-01T00:00:00Z,2023-06-30T00:00:00Z,"Programa para el Desarrollo Integral de los Pueblos Indígenas (E088), Ejercicio Fiscal 2023.",Solicitud de apoyo,"Artículos 1 y 2 de la Constitución Política de los Estados Unidos Mexicanos; 13 de la Constitución Política del Estado Libre y Soberano de Puebla; 1, 3, 58 y 59 de la Ley Orgánica de la Administración Pública del Estado de Puebla; 1, 2, 9, 12, 17 fracción I, y 53 fracciones II y III de la Ley de Entidades Paraestatales del Estado de Puebla; 1 y 6 de la Ley de Egresos del Estado de Puebla para el ejercicio fiscal 2023,artículo 85, fracciones VIII y XIX de la Ley de Derechos, Cultura y Desarrollo de los Pueblos y Comunidades Indígenas del Estado de Puebla; artículo 16, fracciones V, X, XI y XVII del Reglamento Interior del Instituto Poblano de los Pueblos Indígenas y de las Reglas de Operación del Programa para el Desarrollo Integral de los Pueblos Indígenas (E088), Ejercicio Fiscal 2023","Convocatoria del Componente IV de Apoyo al Fortalecimiento de las Economías de los Pueblos Indígenas y Afromexicano de las Reglas de Operación del Programa para el Desarrollo Integral de los Pueblos Indígenas (E088),  vigente del 19 de junio al 04 de julio del 2023.",De manera digital a través de la ventanilla virtual.,Un plazo máximo de 20 días hábiles posteriores al cierre de la recepción de solicitudes estipuladas en las convocatorias emanadas de las presentes Reglas de Operación,https://transparencia.puebla.gob.mx/docs/adjuntos/43/618_1688749950_3f47feb6cb07f2ca0351858bc0ac1220.pdf,Los que marquen las bases de las convocatorias vigentes derivadas de las Reglas de Operación.,0,Conforme a la programación presupuestal y de actividades del ejercicio fiscal.,Serafín Germán,Solís,Carrera,Hombre,serafin.solis@puebla.gob.mx,Dirección de Desarrollo con Identidad Indígena,Calzada,de los Fuertes,110,S/N,Colonia,Rincón del Bosque,211140001,Heroíca Puebla de Zaragoza,114,Puebla,21,Puebla,72290,222 234 1742,Lunes a viernes de 9 a 18 hrs.,emilia.lara@puebla.gob.mx,"Punto 13. Transparencia, Apartado 13.2. Quejas, denuncias y solicitudes de información,de las Reglas de Operación del Programa para el Desarrollo Integral de los Pueblos Indígenas (E088), a cargo del Instituto Poblano de los Pueblos Indígenas, para el Ejercicio Fiscal 2023","Calle 12 Norte, Número 1808, Barrio el Alto, Puebla, C.P. 72290, en un horario de atención: lunes a viernes de 9:00 a 17:00 horas, vía correo electrónico organointerno@outlook.com, o vía telefónica al 2222354523, en el Área de quejas del Órgano Interno de Control del Instituto, o bien al número 800-466-37-86 en Prointegridad. Vía correo electrónico oicsedif@puebla.mx o vía telefónica al (222)2295200, extensiones 5299 y 5202. En el Área de quejas del Órgano Interno de Control del Instituto, o bien al número 800-466-37-86 en Prointegridad.",Dirección de Desarrollo con Identidad Indígena,Serafín Germán Solis Carrera,2023-07-14T00:00:00Z,2023-06-30T00:00:00Z,
2023,2023-04-01T00:00:00Z,2023-06-30T00:00:00Z,"Programa para el Desarrollo Integral de los Pueblos Indígenas (E088), Ejercicio Fiscal 2023.",Solicitud de apoyo,"Artículos 1 y 2 de la Constitución Política de los Estados Unidos Mexicanos; 13 de la Constitución Política del Estado Libre y Soberano de Puebla; 1, 3, 58 y 59 de la Ley Orgánica de la Administración Pública del Estado de Puebla; 1, 2, 9, 12, 17 fracción I, y 53 fracciones II y III de la Ley de Entidades Paraestatales del Estado de Puebla; 1 y 6 de la Ley de Egresos del Estado de Puebla para el ejercicio fiscal 2023,artículo 85, fracciones VIII, XIX, y XXXIII de la Ley de Derechos, Cultura y Desarrollo de los Pueblos y Comunidades Indígenas del Estado de Puebla, de las Reglas de Operación del Programa Especial de los Pueblos Indígenas para el Ejercicio Fiscal 2022, y del Reglamento Interior del Instituto Poblano de los Pueblos Indígenas.",Convocatoria de componente III vigente del 19 de junio al 4 de julio de 2023,De manera digital a través de la ventanilla virtual.,Los que marquen las bases de las convocatorias vigentes derivadas de las Reglas de Operación,https://transparencia.puebla.gob.mx/docs/adjuntos/43/618_1688750016_c7fe8dd1d6c69a8b557c73684a4fba0a.pdf,Los que marquen las bases de las convocatorias vigentes derivadas de las Reglas de Operación.,0,Conforme a la programación presupuestal y de actividades del ejercicio fiscal.,Serafín Germán,Solís,Carrera,Hombre,serafin.solis@puebla.gob.mx,Dirección de Desarrollo con Identidad Indígena,Calzada,de los Fuertes,110,S/N,Colonia,Rincón del Bosque,211140001,Heroíca Puebla de Zaragoza,114,Puebla,21,Puebla,72290,222 234 1742,Lunes a viernes de 9 a 18 hrs.,elia.calderon@puebla.gob.mx,"Punto 13. Transparencia, Apartado 13.2. Quejas, denuncias y solicitudes de información,de las Reglas de Operación del Programa para el Desarrollo Integral de los Pueblos Indígenas (E088), a cargo del Instituto Poblano de los Pueblos Indígenas, para el Ejercicio Fiscal 2023","Calle 12 Norte, Número 1808, Barrio el Alto, Puebla, C.P. 72290, en un horario de atención: lunes a viernes de 9:00 a 17:00 horas, vía correo electrónico organointerno@outlook.com, o vía telefónica al 2222354523, en el Área de quejas del Órgano Interno de Control del Instituto, o bien al número 800-466-37-86 en Prointegridad. Vía correo electrónico oicsedif@puebla.mx o vía telefónica al (222)2295200, extensiones 5299 y 5202. En el Área de quejas del Órgano Interno de Control del Instituto, o bien al número 800-466-37-86 en Prointegridad.",Dirección de Desarrollo con Identidad Indígena,Serafín Germán Solis Carrera,2023-07-14T00:00:00Z,2023-06-30T00:00:00Z,
2023,2023-04-01T00:00:00Z,2023-06-30T00:00:00Z,"Programa para el Desarrollo Integral de los Pueblos Indígenas (E088), Ejercicio Fiscal 2023.",Solicitud de apoyo,"Artículos 1 y 2 de la Constitución Política de los Estados Unidos Mexicanos; 13 de la Constitución Política del Estado Libre y Soberano de Puebla; 1, 3, 58 y 59 de la Ley Orgánica de la Administración Pública del Estado de Puebla; 1, 2, 9, 12, 17 fracción I, y 53 fracciones II y III de la Ley de Entidades Paraestatales del Estado de Puebla; 1 y 6 de la Ley de Egresos del Estado de Puebla para el ejercicio fiscal 2023,artículo 85, fracciones VIII, XIX, y XXXIII de la Ley de Derechos, Cultura y Desarrollo de los Pueblos y Comunidades Indígenas del Estado de Puebla, de las Reglas de Operación del Programa Especial de los Pueblos Indígenas para el Ejercicio Fiscal 2022, y del Reglamento Interior del Instituto Poblano de los Pueblos Indígenas.",Convocatoria de componente III vigente del 19 de junio al 4 de julio de 2023,De manera digital a través de la ventanilla virtual.,Los que marquen las bases de las convocatorias vigentes derivadas de las Reglas de Operación,https://transparencia.puebla.gob.mx/docs/adjuntos/43/618_1688750016_c7fe8dd1d6c69a8b557c73684a4fba0a.pdf,Los que marquen las bases de las convocatorias vigentes derivadas de las Reglas de Operación.,0,Conforme a la programación presupuestal y de actividades del ejercicio fiscal.,Serafín Germán,Solís,Carrera,Hombre,serafin.solis@puebla.gob.mx,Dirección de Desarrollo con Identidad Indígena,Calzada,de los Fuertes,110,S/N,Colonia,Rincón del Bosque,211140001,Heroíca Puebla de Zaragoza,114,Puebla,21,Puebla,72290,222 234 1742,Lunes a viernes de 9 a 18 hrs.,elia.calderon@puebla.gob.mx,"Punto 13. Transparencia, Apartado 13.2. Quejas, denuncias y solicitudes de información,de las Reglas de Operación del Programa para el Desarrollo Integral de los Pueblos Indígenas (E088), a cargo del Instituto Poblano de los Pueblos Indígenas, para el Ejercicio Fiscal 2023","Calle 12 Norte, Número 1808, Barrio el Alto, Puebla, C.P. 72290, en un horario de atención: lunes a viernes de 9:00 a 17:00 horas, vía correo electrónico organointerno@outlook.com, o vía telefónica al 2222354523, en el Área de quejas del Órgano Interno de Control del Instituto, o bien al número 800-466-37-86 en Prointegridad. Vía correo electrónico oicsedif@puebla.mx o vía telefónica al (222)2295200, extensiones 5299 y 5202. En el Área de quejas del Órgano Interno de Control del Instituto, o bien al número 800-466-37-86 en Prointegridad.",Dirección de Desarrollo con Identidad Indígena,Serafín Germán Solis Carrera,2023-07-14T00:00:00Z,2023-06-30T00:00:00Z,
2023,2023-04-01T00:00:00Z,2023-06-30T00:00:00Z,"Programa para el Desarrollo Integral de los Pueblos Indígenas (E088), Ejercicio Fiscal 2023.",Solicitud de Apoyo a grupos para participar en procesos de evaluacion con fines de certificación,"Artículos 1 y 2 de la Constitución Política de los Estados Unidos Mexicanos; 13 de la Constitución Política del Estado Libre y Soberano de Puebla; 1, 3, 58 y 59 de la Ley Orgánica de la Administración Pública del Estado de Puebla; 1, 2, 9, 12, 17 fracción I, y 53 fracciones II y III de la Ley de Entidades Paraestatales del Estado de Puebla; 1 y 6 de la Ley de Egresos del Estado de Puebla para el ejercicio fiscal 2023,artículo 85, fracciones VIII, XIX, y XXXIII de la Ley de Derechos, Cultura y Desarrollo de los Pueblos y Comunidades Indígenas del Estado de Puebla, de las Reglas de Operación del Programa Especial de los Pueblos Indígenas para el Ejercicio Fiscal 2022, y del Reglamento Interior del Instituto Poblano de los Pueblos Indígenas.",Convocatoria del Componente III Fortalecimiento y Desarrollo de Capacidades en Territorios Indígenas y Afromexicano de las Reglas de Operación del Programa para el Desarrollo Integral de Los Pueblos Indígenas (E088) vigente del 26 de junio al 14 de julio de 2023,"De manera fisica en la Ventanilla Física: Calle Reforma #710 Edificio La Casa del Niño planta alta, col. Centro, C.P. 72000, Puebla, Pue. Y Ventanilla digital: ippi.academia.lenguas@puebla.gob.mx",Los que marquen las bases de las convocatorias vigentes derivadas de las Reglas de Operación,https://transparencia.puebla.gob.mx/docs/adjuntos/43/622_1688758325_49fe3cd00b61508abbf6ac31ce6ea80d.pdf,Los que marquen las bases de las convocatorias vigentes derivadas de las Reglas de Operación.,0,Conforme a la programación presupuestal y de actividades del ejercicio fiscal.,Gloria,Martínez,Carrera,Mujer,ippi.academia.lenguas@puebla.gob.mx,Dirección de la Academia de las Lenguas Indígenas,Calle,Reforma,710,No aplica,Colonia,Centro,211140001,Heroíca Puebla de Zaragoza,114,Puebla,21,Puebla,72000,222 234 1742,Lunes a viernes de 9 a 17 hrs.,ippi.academia.lenguas@puebla.gob.mx,"Punto 13. Transparencia, Apartado 13.2. Quejas, denuncias y solicitudes de información,de las Reglas de Operación del Programa para el Desarrollo Integral de los Pueblos Indígenas (E088), a cargo del Instituto Poblano de los Pueblos Indígenas, para el Ejercicio Fiscal 2023","Calle 12 Norte, Número 1808, Barrio el Alto, Puebla, C.P. 72290, en un horario de atención: lunes a viernes de 9:00 a 17:00 horas, vía correo electrónico organointerno@outlook.com, o vía telefónica al 2222354523, en el Área de quejas del Órgano Interno de Control del Instituto, o bien al número 800-466-37-86 en Prointegridad. Vía correo electrónico oicsedif@puebla.mx o vía telefónica al (222)2295200, extensiones 5299 y 5202. En el Área de quejas del Órgano Interno de Control del Instituto, o bien al número 800-466-37-86 en Prointegridad.",Dirección de la Academia de las Lenguas Indígenas,Gloria Martinez Carrera,2023-07-14T00:00:00Z,2023-06-30T00:00:00Z,
2023,2023-04-01T00:00:00Z,2023-06-30T00:00:00Z,"Programa para el Desarrollo Integral de los Pueblos Indígenas (E088), Ejercicio Fiscal 2023.",Solicitud de Apoyo a grupos de promotores lingüísticos para participar en procesos de traducción y difusión de lenguas indígenas.,"Artículos 1 y 2 de la Constitución Política de los Estados Unidos Mexicanos; 13 de la Constitución Política del Estado Libre y Soberano de Puebla; 1, 3, 58 y 59 de la Ley Orgánica de la Administración Pública del Estado de Puebla; 1, 2, 9, 12, 17 fracción I, y 53 fracciones II y III de la Ley de Entidades Paraestatales del Estado de Puebla; 1 y 6 de la Ley de Egresos del Estado de Puebla para el ejercicio fiscal 2023,artículo 85, fracciones VIII, XIX, y XXXIII de la Ley de Derechos, Cultura y Desarrollo de los Pueblos y Comunidades Indígenas del Estado de Puebla, de las Reglas de Operación del Programa Especial de los Pueblos Indígenas para el Ejercicio Fiscal 2022, y del Reglamento Interior del Instituto Poblano de los Pueblos Indígenas.",Convocatoria del Componente III Fortalecimiento y Desarrollo de Capacidades en Territorios Indígenas y Afromexicano de las Reglas de Operación del Programa para el Desarrollo Integral de Los Pueblos Indígenas (E088) vigente del 26 de junio al 14 de julio de 2023,"De manera fisica en la Ventanilla Física: Calle Reforma #710 Edificio La Casa del Niño planta alta, col. Centro, C.P. 72000, Puebla, Pue. Y Ventanilla digital: ippi.academia.lenguas@puebla.gob.mx",Los que marquen las bases de las convocatorias vigentes derivadas de las Reglas de Operación,https://transparencia.puebla.gob.mx/docs/adjuntos/43/622_1688758325_49fe3cd00b61508abbf6ac31ce6ea80d.pdf,Los que marquen las bases de las convocatorias vigentes derivadas de las Reglas de Operación.,0,Conforme a la programación presupuestal y de actividades del ejercicio fiscal.,Gloria,Martínez,Carrera,Mujer,ippi.academia.lenguas@puebla.gob.mx,Dirección de la Academia de las Lenguas Indígenas,Calle,Reforma,710,No aplica,Colonia,Centro,211140001,Heroíca Puebla de Zaragoza,114,Puebla,21,Puebla,72000,222 234 1742,Lunes a viernes de 9 a 17 hrs.,ippi.academia.lenguas@puebla.gob.mx,"Punto 13. Transparencia, Apartado 13.2. Quejas, denuncias y solicitudes de información,de las Reglas de Operación del Programa para el Desarrollo Integral de los Pueblos Indígenas (E088), a cargo del Instituto Poblano de los Pueblos Indígenas, para el Ejercicio Fiscal 2023","Calle 12 Norte, Número 1808, Barrio el Alto, Puebla, C.P. 72290, en un horario de atención: lunes a viernes de 9:00 a 17:00 horas, vía correo electrónico organointerno@outlook.com, o vía telefónica al 2222354523, en el Área de quejas del Órgano Interno de Control del Instituto, o bien al número 800-466-37-86 en Prointegridad. Vía correo electrónico oicsedif@puebla.mx o vía telefónica al (222)2295200, extensiones 5299 y 5202. En el Área de quejas del Órgano Interno de Control del Instituto, o bien al número 800-466-37-86 en Prointegridad.",Dirección de la Academia de las Lenguas Indígenas,Gloria Martinez Carrera,2023-07-14T00:00:00Z,2023-06-30T00:00:00Z,
2023,2023-04-01T00:00:00Z,2023-06-30T00:00:00Z,"Programa para el Desarrollo Integral de los Pueblos Indígenas (E088), Ejercicio Fiscal 2023.","Solicitud de Apoyos a grupos comunitarios integrados mediante asamblea comunitaria por un sabio(a), un promotor (a) y 10 infantes de 0 a 7 y/o de 8 a 13 años para procesos de enseñanza-aprendizaje de lenguas indígenas con población infantil.","Artículos 1 y 2 de la Constitución Política de los Estados Unidos Mexicanos; 13 de la Constitución Política del Estado Libre y Soberano de Puebla; 1, 3, 58 y 59 de la Ley Orgánica de la Administración Pública del Estado de Puebla; 1, 2, 9, 12, 17 fracción I, y 53 fracciones II y III de la Ley de Entidades Paraestatales del Estado de Puebla; 1 y 6 de la Ley de Egresos del Estado de Puebla para el ejercicio fiscal 2023,artículo 85, fracciones VIII, XIX, y XXXIII de la Ley de Derechos, Cultura y Desarrollo de los Pueblos y Comunidades Indígenas del Estado de Puebla, de las Reglas de Operación del Programa Especial de los Pueblos Indígenas para el Ejercicio Fiscal 2022, y del Reglamento Interior del Instituto Poblano de los Pueblos Indígenas.",Convocatoria del Componente III Fortalecimiento y Desarrollo de Capacidades en Territorios Indígenas y Afromexicano de las Reglas de Operación del Programa para el Desarrollo Integral de Los Pueblos Indígenas (E088) vigente del 26 de junio al 14 de julio de 2023,"De manera fisica en la Ventanilla Física: Calle Reforma #710 Edificio La Casa del Niño planta alta, col. Centro, C.P. 72000, Puebla, Pue. Y Ventanilla digital: ippi.academia.lenguas@puebla.gob.mx",Los que marquen las bases de las convocatorias vigentes derivadas de las Reglas de Operación,https://transparencia.puebla.gob.mx/docs/adjuntos/43/622_1688758325_49fe3cd00b61508abbf6ac31ce6ea80d.pdf,Los que marquen las bases de las convocatorias vigentes derivadas de las Reglas de Operación.,0,Conforme a la programación presupuestal y de actividades del ejercicio fiscal.,Gloria,Martínez,Carrera,Mujer,ippi.academia.lenguas@puebla.gob.mx,Dirección de la Academia de las Lenguas Indígenas,Calle,Reforma,710,No aplica,Colonia,Centro,211140001,Heroíca Puebla de Zaragoza,114,Puebla,21,Puebla,72000,222 234 1742,Lunes a viernes de 9 a 17 hrs.,ippi.academia.lenguas@puebla.gob.mx,"Punto 13. Transparencia, Apartado 13.2. Quejas, denuncias y solicitudes de información,de las Reglas de Operación del Programa para el Desarrollo Integral de los Pueblos Indígenas (E088), a cargo del Instituto Poblano de los Pueblos Indígenas, para el Ejercicio Fiscal 2023","Calle 12 Norte, Número 1808, Barrio el Alto, Puebla, C.P. 72290, en un horario de atención: lunes a viernes de 9:00 a 17:00 horas, vía correo electrónico organointerno@outlook.com, o vía telefónica al 2222354523, en el Área de quejas del Órgano Interno de Control del Instituto, o bien al número 800-466-37-86 en Prointegridad. Vía correo electrónico oicsedif@puebla.mx o vía telefónica al (222)2295200, extensiones 5299 y 5202. En el Área de quejas del Órgano Interno de Control del Instituto, o bien al número 800-466-37-86 en Prointegridad.",Dirección de la Academia de las Lenguas Indígenas,Gloria Martinez Carrera,2023-07-14T00:00:00Z,2023-06-30T00:00:00Z,
2023,2023-04-01T00:00:00Z,2023-06-30T00:00:00Z,"Programa para el Desarrollo Integral de los Pueblos Indígenas (E088), Ejercicio Fiscal 2023.",Solicitud de apoyo,"Artículos 1 y 2 de la Constitución Política de los Estados Unidos Mexicanos; 13 de la Constitución Política del Estado Libre y Soberano de Puebla; 1, 3, 58 y 59 de la Ley Orgánica de la Administración Pública del Estado de Puebla; 1, 2, 9, 12, 17 fracción I, y 53 fracciones II y III de la Ley de Entidades Paraestatales del Estado de Puebla; 1 y 6 de la Ley de Egresos del Estado de Puebla para el ejercicio fiscal 2023,artículo 85, fracciones VIII y XIX de la Ley de Derechos, Cultura y Desarrollo de los Pueblos y Comunidades Indígenas del Estado de Puebla; artículo 18 fracciones I y XI del Reglamento Interior del Instituto Poblano de los Pueblos Indígenas y de las Reglas de Operación del Programa para el Desarrollo Integral de los Pueblos Indígenas (E088), Ejercicio Fiscal 2023",Convocatoria del Componente II Acciones de fortalecimiento del Desarrollo Integral de los Pueblos Indígenas y Afromexicano del estado de Puebla implementadas vigente del 19 de junio al 14 de julio de 2023.,De manera digital a través de la ventanilla virtual.,Los que marquen las bases de las convocatorias vigentes derivadas de las Reglas de Operación,https://transparencia.puebla.gob.mx/docs/adjuntos/43/620_1689045097_5bd58ed6fcbf5abc6bf76cf75be1e3c7.pdf,Los que marquen las bases de las convocatorias vigentes derivadas de las Reglas de Operación.,0,Conforme a la programación presupuestal y de actividades del ejercicio fiscal.,Rosa,Alonso,Pérez,Mujer,ddc.ippi@puebla.gob.mx,Dirección de Diálogo y Concertación,Calle,Reforma,710,No aplica,Colonia,Centro,211140001,Heroíca Puebla de Zaragoza,114,Puebla,21,Puebla,72000,222 234 1742,Lunes a viernes de 9 a 17 hrs.,rosa.alonso@puebla.gob.mx,"Punto 13. Transparencia, Apartado 13.2. Quejas, denuncias y solicitudes de información,de las Reglas de Operación del Programa para el Desarrollo Integral de los Pueblos Indígenas (E088), a cargo del Instituto Poblano de los Pueblos Indígenas, para el Ejercicio Fiscal 2023","Calle 12 Norte, Número 1808, Barrio el Alto, Puebla, C.P. 72290, en un horario de atención: lunes a viernes de 9:00 a 17:00 horas, vía correo electrónico organointerno@outlook.com, o vía telefónica al 2222354523, en el Área de quejas del Órgano Interno de Control del Instituto, o bien al número 800-466-37-86 en Prointegridad. Vía correo electrónico oicsedif@puebla.mx o vía telefónica al (222)2295200, extensiones 5299 y 5202. En el Área de quejas del Órgano Interno de Control del Instituto, o bien al número 800-466-37-86 en Prointegridad.",Dirección de Diálogo y Concertación,Rosa Alonso Pérez,2023-07-14T00:00:00Z,2023-06-30T00:00:00Z,
2023,2023-04-01T00:00:00Z,2023-06-30T00:00:00Z,"Programa para el Desarrollo Integral de los Pueblos Indígenas (E088), Ejercicio Fiscal 2023.",Solicitud de apoyo,"Artículos 1 y 2 de la Constitución Política de los Estados Unidos Mexicanos; 13 de la Constitución Política del Estado Libre y Soberano de Puebla; 1, 3, 58 y 59 de la Ley Orgánica de la Administración Pública del Estado de Puebla; 1, 2, 9, 12, 17 fracción I, y 53 fracciones II y III de la Ley de Entidades Paraestatales del Estado de Puebla; 1 y 6 de la Ley de Egresos del Estado de Puebla para el ejercicio fiscal 2023, artículo 85, fracciones VIII y XIX de la Ley de Derechos, Cultura y Desarrollo de los Pueblos y Comunidades Indígenas del Estado de Puebla; artículo 18 fracciones I y XI del Reglamento Interior del Instituto Poblano de los Pueblos Indígenas y de las Reglas de Operación del Programa para el Desarrollo Integral de los Pueblos Indígenas (E088), Ejercicio Fiscal 2023",Convocatoria del Componente II Acciones de fortalecimiento del Desarrollo Integral de los Pueblos Indígenas y Afromexicano del estado de Puebla implementadas vigente del 19 de junio al 14 de julio de 2023.,De manera digital a través de la ventanilla virtual.,Los que marquen las bases de las convocatorias vigentes derivadas de las Reglas de Operación,https://transparencia.puebla.gob.mx/docs/adjuntos/43/620_1689045172_fc8134f1162615a1e826e879a4786249.pdf,Los que marquen las bases de las convocatorias vigentes derivadas de las Reglas de Operación.,0,Conforme a la programación presupuestal y de actividades del ejercicio fiscal.,Rosa,Alonso,Pérez,Mujer,ddc.ippi@puebla.gob.mx,Dirección de Diálogo y Concertación,Calle,Reforma,710,No aplica,Colonia,Centro,211140001,Heroíca Puebla de Zaragoza,114,Puebla,21,Puebla,72000,222 234 1742,Lunes a viernes de 9 a 17 hrs.,rosa.alonso@puebla.gob.mx,"Punto 13. Transparencia, Apartado 13.2. Quejas, denuncias y solicitudes de información,de las Reglas de Operación del Programa para el Desarrollo Integral de los Pueblos Indígenas (E088), a cargo del Instituto Poblano de los Pueblos Indígenas, para el Ejercicio Fiscal 2023","Calle 12 Norte, Número 1808, Barrio el Alto, Puebla, C.P. 72290, en un horario de atención: lunes a viernes de 9:00 a 17:00 horas, vía correo electrónico organointerno@outlook.com, o vía telefónica al 2222354523, en el Área de quejas del Órgano Interno de Control del Instituto, o bien al número 800-466-37-86 en Prointegridad. Vía correo electrónico oicsedif@puebla.mx o vía telefónica al (222)2295200, extensiones 5299 y 5202. En el Área de quejas del Órgano Interno de Control del Instituto, o bien al número 800-466-37-86 en Prointegridad.",Dirección de Diálogo y Concertación,Rosa Alonso Pérez,2023-07-14T00:00:00Z,2023-06-30T00:00:00Z,
2023,2023-04-01T00:00:00Z,2023-06-30T00:00:00Z,"Programa para el Desarrollo Integral de los Pueblos Indígenas (E088), Ejercicio Fiscal 2023.",Solicitud de apoyo,"Artículos 1 y 2 de la Constitución Política de los Estados Unidos Mexicanos; 13 de la Constitución Política del Estado Libre y Soberano de Puebla; 1, 3, 58 y 59 de la Ley Orgánica de la Administración Pública del Estado de Puebla; 1, 2, 9, 12, 17 fracción I, y 53 fracciones II y III de la Ley de Entidades Paraestatales del Estado de Puebla; 1 y 6 de la Ley de Egresos del Estado de Puebla para el ejercicio fiscal 2023 con el artículo 84 fracción VI, 85 fracción IX y XXXVII de la Ley de Derechos, Cultura y Desarrollo de los Pueblos y Comunidades Indígenas del Estado de Puebla, las Reglas de Operación del Programa para el Desarrollo Integral de los Pueblos Indígenas (E088) para el Ejercicio Fiscal 2023 y el artículo 17, fracción I y II del Reglamento Interior del Instituto Poblano de los Pueblos Indígenas","Convocatoria correspondiente al “Premio Estatal a la mujer indígena” de la vertiente “Respeto, reconocimiento, investigación y autonomía de los derechos individuales y colectivos de los Pueblos Indígenas y Afromexicano del Estado de Puebla” del componente de apoyo a la promoción e implementación de los Derechos de los Pueblos Indígenas y Afromexicano de las Reglas de Operación del Programa para el Desarrollo Integral de los Pueblos Indígenas (E088) para el Ejercicio Fiscal 2023. A partir de la emisión de la convocatoria al 23 de julio de 2023",De manera digital a través de la ventanilla virtual y en ventanilla física ubicada en Calle. Reforma 710 Col. Centro CP 72000 Segundo piso,Los que marquen las bases de las convocatorias vigentes derivadas de las Reglas de Operación,https://transparencia.puebla.gob.mx/docs/adjuntos/43/619_1689015861_38b87d59417cdd190d9324fe9b6bd221.pdf,Los que marquen las bases de las convocatorias vigentes derivadas de las Reglas de Operación.,0,Conforme a la programación presupuestal y de actividades del ejercicio fiscal.,Viridiana,Regino,Castillo,Mujer,patrimoniocultural.ippi@puebla.gob.mx,"Dirección de Patrimonio Cultural, Investigación y Educación para la Equidad",Calle,Reforma,710,No aplica,Colonia,Centro,211140001,Heroíca Puebla de Zaragoza,114,Puebla,21,Puebla,72000,222 234 1742,Lunes a Viernes de 10:00 a 17:00 hrs,patrimoniocultural.ippi@puebla.gob.mx,"Punto 13. Transparencia, Apartado 13.2. Quejas, denuncias y solicitudes de información,de las Reglas de Operación del Programa para el Desarrollo Integral de los Pueblos Indígenas (E088), a cargo del Instituto Poblano de los Pueblos Indígenas, para el Ejercicio Fiscal 2023","Calle 12 Norte, Número 1808, Barrio el Alto, Puebla, C.P. 72290, en un horario de atención: lunes a viernes de 9:00 a 17:00 horas, vía correo electrónico organointerno@outlook.com, o vía telefónica al 2222354523, en el Área de quejas del Órgano Interno de Control del Instituto, o bien al número 800-466-37-86 en Prointegridad. Vía correo electrónico oicsedif@puebla.mx o vía telefónica al (222)2295200, extensiones 5299 y 5202. En el Área de quejas del Órgano Interno de Control del Instituto, o bien al número 800-466-37-86 en Prointegridad.","Dirección de Partimonio Cultural, Investigación y Educación para la Equidad",Viridiana Regino Castillo,2023-07-14T00:00:00Z,2023-06-30T00:00:00Z,
2023,2023-04-01T00:00:00Z,2023-06-30T00:00:00Z,"Programa para el Desarrollo Integral de los Pueblos Indígenas (E088), Ejercicio Fiscal 2023.",Solicitud de apoyo,"Artículos 1 y 2 de la Constitución Política de los Estados Unidos Mexicanos; 13 de la Constitución Política del Estado Libre y Soberano de Puebla; 1, 3, 58 y 59 de la Ley Orgánica de la Administración Pública del Estado de Puebla; 1, 2, 9, 12, 17 fracción I, y 53 fracciones II y III de la Ley de Entidades Paraestatales del Estado de Puebla; 1 y 6 de la Ley de Egresos del Estado de Puebla para el ejercicio fiscal 2023; artículo 84 fracción VI, 85 fracciones VI, VIII, IX, XIX, Y XXXVII  de la Ley de Derechos, Cultura y Desarrollo de los Pueblos y Comunidades Indígenas del Estado de Puebla; y de las Reglas de Operación del Programa para el Desarrollo Integral de los Pueblos Indígenas (E088), a cargo del Instituto Poblano de los Pueblos Indígenas, para el Ejercicio Fiscal 2023; el artículo 17  I, V, y XVII  del Reglamento Interior del Instituto Poblano de los Pueblos Indígena","Convocatoria correspondiente al “Fortalecimiento del Patrimonio Cultural Material e Inmaterial” del Componente de Apoyo al Fortalecimiento del Patrimonio Cultural, Material e Inmaterial Indígena y Afromexicano a partir de la emisión de la convocatoria al 14 de Julio de 2023",De manera digital a través de la ventanilla virtual y en ventanilla física ubicada en Calle. Reforma 710 Col. Centro CP 72000 Segundo piso,Los que marquen las bases de las convocatorias vigentes derivadas de las Reglas de Operación,https://transparencia.puebla.gob.mx/docs/adjuntos/43/619_1689015934_35628562b7b7ddaa1fd86f77f39a604c.pdf,Los que marquen las bases de las convocatorias vigentes derivadas de las Reglas de Operación.,0,Conforme a la programación presupuestal y de actividades del ejercicio fiscal.,Viridiana,Regino,Castillo,Mujer,patrimoniocultural.ippi@puebla.gob.mx,"Dirección de Patrimonio Cultural, Investigación y Educación para la Equidad",Calle,Reforma,710,No aplica,Colonia,Centro,211140001,Heroíca Puebla de Zaragoza,114,Puebla,21,Puebla,72000,222 234 1742,Lunes a Viernes de 10:00 a 17:00 hrs,patrimoniocultural.ippi@puebla.gob.mx,"Punto 13. Transparencia, Apartado 13.2. Quejas, denuncias y solicitudes de información,de las Reglas de Operación del Programa para el Desarrollo Integral de los Pueblos Indígenas (E088), a cargo del Instituto Poblano de los Pueblos Indígenas, para el Ejercicio Fiscal 2023","Calle 12 Norte, Número 1808, Barrio el Alto, Puebla, C.P. 72290, en un horario de atención: lunes a viernes de 9:00 a 17:00 horas, vía correo electrónico organointerno@outlook.com, o vía telefónica al 2222354523, en el Área de quejas del Órgano Interno de Control del Instituto, o bien al número 800-466-37-86 en Prointegridad. Vía correo electrónico oicsedif@puebla.mx o vía telefónica al (222)2295200, extensiones 5299 y 5202. En el Área de quejas del Órgano Interno de Control del Instituto, o bien al número 800-466-37-86 en Prointegridad.","Dirección de Partimonio Cultural, Investigación y Educación para la Equidad",Viridiana Regino Castillo,2023-07-14T00:00:00Z,2023-06-30T00:00:00Z,
2023,2023-04-01T00:00:00Z,2023-06-30T00:00:00Z,"Programa para el Desarrollo Integral de los Pueblos Indígenas (E088), Ejercicio Fiscal 2023.",Solicitud de apoyo,"Artículos 1 y 2 de la Constitución Política de los Estados Unidos Mexicanos; 13 de la Constitución Política del Estado Libre y Soberano de Puebla; 1, 3, 58 y 59 de la Ley Orgánica de la Administración Pública del Estado de Puebla; 1, 2, 9, 12, 17 fracción I, y 53 fracciones II y III de la Ley de Entidades Paraestatales del Estado de Puebla;  1 y 6 de la Ley de Egresos del Estado de Puebla para el ejercicio fiscal 2023; el artículo 84 fracción VI, 85 fracciones VI, VIII, IX, XIX, y XXXVII de la Ley de Derechos, Cultura y Desarrollo de los Pueblos y Comunidades Indígenas del Estado de Puebla, de las Reglas de Operación del Programa para el Desarrollo Integral de los Pueblos Indígenas (E088) para el Ejercicio Fiscal 2023 y el artículo 17, fracciones I, V y XVII del Reglamento Interior del Instituto Poblano de los Pueblos Indígenas",Convocatoria correspondiente a los “Procesos Organizativos y de Investigación para el Ejercicio Efectivo de los Derechos de las Mujeres Indígenas y Afromexicanas” del Componente de Fortalecimiento y Desarrollo de Capacidades en territorios Indígenas y Afromexicano a partir de la Emisión de la Convocatoria al 14 de Julio de 2023.,De manera digital a través de la ventanilla virtual y en ventanilla física ubicada en Av. Reforma 710 Col. Centro CP 72000 Segundo piso,Los que marquen las bases de las convocatorias vigentes derivadas de las Reglas de Operación,https://transparencia.puebla.gob.mx/docs/adjuntos/43/619_1689015990_4e39abb76b5172d633aa6bc17fbec3ac.pdf,Los que marquen las bases de las convocatorias vigentes derivadas de las Reglas de Operación.,0,Conforme a la programación presupuestal y de actividades del ejercicio fiscal.,Viridiana,Regino,Castillo,Mujer,patrimoniocultural.ippi@puebla.gob.mx,"Dirección de Patrimonio Cultural, Investigación y Educación para la Equidad",Calle,Reforma,710,No aplica,Colonia,Centro,211140001,Heroíca Puebla de Zaragoza,114,Puebla,21,Puebla,72000,222 234 1742,Lunes a Viernes de 10:00 a 17:00 hrs,patrimoniocultural.ippi@puebla.gob.mx,"Punto 13. Transparencia, Apartado 13.2. Quejas, denuncias y solicitudes de información,de las Reglas de Operación del Programa para el Desarrollo Integral de los Pueblos Indígenas (E088), a cargo del Instituto Poblano de los Pueblos Indígenas, para el Ejercicio Fiscal 2023","Calle 12 Norte, Número 1808, Barrio el Alto, Puebla, C.P. 72290, en un horario de atención: lunes a viernes de 9:00 a 17:00 horas, vía correo electrónico organointerno@outlook.com, o vía telefónica al 2222354523, en el Área de quejas del Órgano Interno de Control del Instituto, o bien al número 800-466-37-86 en Prointegridad. Vía correo electrónico oicsedif@puebla.mx o vía telefónica al (222)2295200, extensiones 5299 y 5202. En el Área de quejas del Órgano Interno de Control del Instituto, o bien al número 800-466-37-86 en Prointegridad.","Dirección de Partimonio Cultural, Investigación y Educación para la Equidad",Viridiana Regino Castillo,2023-07-14T00:00:00Z,2023-06-30T00:00:00Z,
2023,2023-04-01T00:00:00Z,2023-06-30T00:00:00Z,"Programa para el Desarrollo Integral de los Pueblos Indígenas (E088), Ejercicio Fiscal 2023.",Solicitud de apoyo,"Artículos 1° y 2° de la Constitución Política de los Estados Unidos Mexicanos; 13 de la Constitución Política del Estado Libre y Soberano de Puebla, 85, fracciones III, V, VI y VIII de la Ley de Derechos, Cultura y Desarrollo de los Pueblos y Comunidades Indígenas del Estado de Puebla. Artículo 20 fracciones III y XII del reglamento interior del Instituto Poblano de los Pueblos Indígenas y de las Reglas de Operación del Programa para el Desarrollo Integral de los Pueblos Indígenas (E088).",Convocatoria del Componente de Fortalecimiento y Desarrollo de Capacidades en Territorios Indígenas y Afromexicano de las Reglas de Operación del Programa para el Desarrollo Integral de los Pueblos Indígenas (E088).,"De manera digital a través de la ventanilla virtual y de manera física en calzada de los fuertes no. 110 Col.  Rincón del Bosque C.P. 72290, Puebla, Puebla tel. 2222341742 de Lunes a Viernes de 9:00 a 17:00 horas.",Los que marquen las bases de las convocatorias vigentes derivadas de las Reglas de Operación,https://transparencia.puebla.gob.mx/docs/adjuntos/43/623_1689289637_264c3afce4756864f05f61c48a653d22.pdf,Los que marquen las bases de las convocatorias vigentes derivadas de las Reglas de Operación.,0,Conforme a la programación presupuestal y de actividades del ejercicio fiscal.,Ramón,Vergara,Sotero,Hombre,ramon.vergara@puebla.gob.mx,Dirección de Oficinas Regionales,Calzada,de los Fuertes,110,S/N,Colonia,Rincón del Bosque,211140001,Heroíca Puebla de Zaragoza,114,Puebla,21,Puebla,72290,222 234 1742,Lunes a viernes de 9 a 17 hrs.,kathy.solis@puebla.gob.mx,"Punto 13. Transparencia, Apartado 13.2. Quejas, denuncias y solicitudes de información,de las Reglas de Operación del Programa para el Desarrollo Integral de los Pueblos Indígenas (E088), a cargo del Instituto Poblano de los Pueblos Indígenas, para el Ejercicio Fiscal 2023","Calle 12 Norte, Número 1808, Barrio el Alto, Puebla, C.P. 72290, en un horario de atención: lunes a viernes de 9:00 a 17:00 horas, vía correo electrónico organointerno@outlook.com, o vía telefónica al 2222354523, en el Área de quejas del Órgano Interno de Control del Instituto, o bien al número 800-466-37-86 en Prointegridad. Vía correo electrónico oicsedif@puebla.mx o vía telefónica al (222)2295200, extensiones 5299 y 5202. En el Área de quejas del Órgano Interno de Control del Instituto, o bien al número 800-466-37-86 en Prointegridad.",Dirección de Oficinas Regionales,Ramón Vergara Soero,2023-07-14T00:00:00Z,2023-06-30T00:00:00Z,
2023,2023-07-01T00:00:00Z,2023-09-30T00:00:00Z,,,,,,,,,,,,,,,,,,,,,,,,,,,,,,,,,,,"Secretaría Técnica, Unidad Jurídica, Unidad de Desarrollo de Tecnologías de la Información, Dirección de Desarrollo con Identidad Indígena, Direccion de Patrimonio Cultural, Investigación y Educación para la Equidad, Direccion de Dialogo y Concertación, Dirección de la Academia de las Lenguas Indígenas, Direccion de Oficinas Regionales, Direccion de Administración y Finanzas.",José Antonio Aguilar San Sebastián/Nancy Aridai Acuapan Carreon/Moises Ismael Rosas Cabrera/Serafín German Solís Carrera/Viridiana Regino Castillo/Rosa Alonso Pérez/Gloria Martínez Carrera/Ramón Vergara Sotero/Roberto Regino Reyes,2023-10-13T00:00:00Z,2023-09-30T00:00:00Z,"Este Instituto no desarrollo programas referentes al presente formato, en el tercer trimestre 2023 motivo por el cual existen campos sin información."
2023,2023-10-01T00:00:00Z,2023-12-31T00:00:00Z,,,,,,,,,,,,,,,,,,,,,,,,,,,,,,,,,,,"Secretaría Técnica, Unidad Jurídica, Unidad de Desarrollo de Tecnologías de la Información, Dirección de Desarrollo con Identidad Indígena, Direccion de Patrimonio Cultural, Investigación y Educación para la Equidad, Direccion de Dialogo y Concertación, Dirección de la Academia de las Lenguas Indígenas, Direccion de Oficinas Regionales, Direccion de Administración y Finanzas.",José Antonio Aguilar San Sebastián/Nancy Aridai Acuapan Carreon/Moises Ismael Rosas Cabrera/Serafín German Solís Carrera/Viridiana Regino Castillo/Rosa Alonso Pérez/Gloria Martínez Carrera/Ramón Vergara Sotero/Roberto Regino Reyes,2024-01-02T00:00:00Z,2023-12-31T00:00:00Z,"Este Instituto no desarrollo programas referentes al presente formato, en el cuarto trimestre 2023 motivo por el cual existen campos sin información."
